{
    "vertices": [
        [
            -0.5,
            -0.5,
            3.774895063202166e-08
        ],
        [
            0.5,
            -0.5,
            3.774895063202166e-08
        ],
        [
            -0.5,
            0.5,
            -3.774895063202166e-08
        ],
        [
            0.5,
            0.5,
            -3.774895063202166e-08
        ]
    ],
    "normals": [
        [
            0.0,
            7.549790126404332e-08,
            1.0
        ],
        [
            0.0,
            7.549790126404332e-08,
            1.0
        ],
        [
            0.0,
            7.549790126404332e-08,
            1.0
        ],
        [
            0.0,
            7.549790126404332e-08,
            1.0
        ]
    ],
    "indices": [
        [
            2,
            1,
            3
        ],
        [
            0,
            1,
            2
        ]
    ],
    "texcoords1": [
        [
            0.12377864122390747,
            0.6252953410148621
        ],
        [
            0.12573176622390747,
            0.6233422160148621
        ],
        [
            0.12573176622390747,
            0.6252953410148621
        ],
        [
            0.9677274823188782,
            0.634240448474884
        ],
        [
            0.969680666923523,
            0.634240448474884
        ],
        [
            0.9677274823188782,
            0.6361935138702393
        ]
    ]
}